id;image_file;description;date_added;sort_position
1;Granite;West Virginia cross-platform;2020-12-29;47284
2;payment data-warehouse;matrix Kansas;2020-12-29;50331
3;Isle of Man channels deposit;Borders leading-edge Fresh;2020-12-29;98663
4;customized calculate Music;Forward Connecticut;2020-12-29;1556
5;connecting maximized;Plastic Plastic Utah;2020-12-29;4332
6;Virginia;Garden;2020-12-29;21368
7;programming initiative;Nevada Steel;2020-12-29;63386
8;Keyboard copy Sleek;Licensed Metal Pizza;2020-12-29;95947
9;web services sensor;Mouse;2020-12-29;10068
10;Bike;non-volatile Intelligent copying;2020-12-30;56476
