id;name;email;phone;address
1;Assistant;"d52\[@5z*.7";(337) 326-8014 x99159;Malta scale deposit
2;Tennessee relationships Ball;"2w+jKz@q|.)7`";(330) 670-0506 x47692;database protocol Tennessee
3;Handmade digital;"c0c5@xic9.i[H0$";917-368-6901;RSS Personal Loan Account
4;Rhode Island Court;"3@fi.n";515.451.5182;ivory Ports Outdoors
5;transparent;"x~M/F@,Yn5'-.Iw>";(249) 604-9488;Designer
6;Ball invoice;"3p9@aA.#2:.+#bj;";1-608-194-7688 x06925;parsing
7;Ramp Latvian Lats;"kRIv^@Ovx.;";(179) 514-7508 x53703;Usability
8;South Carolina;"2U{|*@Hg.t";801.137.7575 x4467;fuchsia
9;Fantastic invoice;"!Sgsy@K.+].m";410-806-9747 x624;Graphical User Interface Rhode Island Mandatory
10;Tajikistan;"WdD@X.9G(q4E";1-896-659-2957;Savings Account Gorgeous
